{"cameraMode":{"drawMode":0,"name":"Shaded","section":"Shading Mode"},"sceneLighting":false,"audioPlay":false,"sceneViewState":{"m_AlwaysRefresh":false,"showFog":true,"showSkybox":true,"showFlares":true,"showImageEffects":true,"showParticleSystems":true,"showVisualEffectGraphs":true,"m_FxEnabled":true},"in2DMode":false,"pivot":{"x":-1.6713532209396363,"y":1.9362897872924805,"z":0.17993998527526856},"rotation":{"x":0.03492708504199982,"y":-0.9650704264640808,"z":0.18091344833374024,"w":0.18634136021137238},"size":4.321743488311768,"orthographic":false}