{"cameraMode":{"drawMode":0,"name":"Shaded","section":"Shading Mode"},"sceneLighting":true,"audioPlay":false,"sceneViewState":{"m_AlwaysRefresh":false,"showFog":true,"showSkybox":true,"showFlares":true,"showImageEffects":true,"showParticleSystems":true,"showVisualEffectGraphs":true,"m_FxEnabled":true},"in2DMode":false,"pivot":{"x":-0.04080820083618164,"y":0.5307340621948242,"z":-0.30904531478881838},"rotation":{"x":-0.05405322462320328,"y":0.9282552599906921,"z":-0.14914371073246003,"w":-0.33642104268074038},"size":2.243901252746582,"orthographic":false}